Pre: Q1,Pre: Q3,L1: Q1,L1: Q3,E1: Q1,E1: Q3,E2: Q1,E2: Q3,E3: Q1,E3: Q3,R1: Q1,R1: Q3,R2: Q1,R2: Q3
0.0299885,0.07667550000000001,0.0287005,0.1320775,0.0370145,0.23772749999999998,0.023091,0.031114,0.021812,0.02224,0.021600750000000002,0.02206375,0.021365500000000003,0.02195825
0.027717,0.0299,0.03336375,0.18034999999999998,0.0329585,0.16638999999999998,0.027599,0.036223,0.026669,0.029393,0.02930675,0.030519249999999998,0.0241825,0.03022925
0.028031,0.0383165,0.058948749999999994,0.384125,0.037467,0.16493750000000001,0.027842,0.070184,0.027301,0.028343,0.02682025,0.02833725,0.0260925,0.02755075
0.0232835,0.0251455,0.02363025,0.30737,0.06095275,0.07209025,0.015592,0.039312,0.0051996,0.0076119,0.0053332250000000005,0.005616425,0.0051384,0.0052457
0.0194815,0.0234365,0.022472250000000003,0.051405,0.024274249999999997,0.046357,0.021162,0.02175,0.020826,0.021464,0.02146575,0.022383,0.020930999999999998,0.02161575
0.012558,0.0203695,0.01265375,0.012910999999999999,0.0124895,0.012754999999999999,0.012323,0.012453,0.012169,0.012307,0.012076,0.01227775,0.011956000000000001,0.012129
0.023060999999999998,0.029901999999999998,0.0307565,0.285605,0.06023875,0.11215449999999999,0.033331,0.041337,0.027314,0.028168,0.02612825,0.027020749999999996,0.025624749999999998,0.026435
0.012743,0.029567,0.01265375,0.012910999999999999,0.0124895,0.012754999999999999,0.012323,0.012453,0.012169,0.012307,0.012076,0.01227775,0.011956000000000001,0.012129
