Pre: Q1,Pre: Q3,L1: Q1,L1: Q3,E1: Q1,E1: Q3,E2: Q1,E2: Q3,E3: Q1,E3: Q3,R1: Q1,R1: Q3,R2: Q1,R2: Q3
0.0223245,0.041066000000000005,0.0258095,0.03551075,0.040583,0.135415,0.022938,0.03497,0.021966,0.02222,0.02194925,0.022260000000000002,0.021936999999999998,0.0221845
0.031064500000000002,0.034691,0.1310475,0.28369,0.037259749999999994,0.12558750000000002,0.036293,0.047079,0.032183,0.034121,0.033153499999999995,0.09941625,0.03227825,0.034454250000000006
0.026529499999999998,0.0285315,0.03396975,0.4676675,0.1456975,0.17802500000000002,0.074401,0.13923,0.025049,0.02645,0.02449675,0.025879,0.02456475,0.02601525
0.031190000000000002,0.0374785,0.036997749999999996,0.2893375,0.03867875,0.06470325,0.041733,0.044275,0.041263,0.042675,0.04165275,0.043174000000000004,0.0413895,0.043097750000000004
0.0213735,0.021663,0.0218075,0.02415775,0.022082,0.024405250000000003,0.021373,0.023351,0.021293,0.021485,0.021278,0.0214085,0.021251,0.021408
0.031332,0.0362375,0.18866499999999997,0.363375,0.1062925,0.256845,0.044384,0.18317,0.029172,0.030561,0.0280895,0.029458,0.028027000000000003,0.029431000000000002
0.0273225,0.0375465,0.09567499999999998,0.28154,0.041811499999999995,0.0806735,0.034024,0.037164,0.031872,0.033013,0.03168975,0.04650725,0.026861750000000004,0.028381
0.010943000000000001,0.020092,0.009762375,0.009876925,0.009940325,0.0102725,0.010582,0.010735,0.010653,0.010755,0.01058575,0.010703,0.010582,0.0107065
0.010773999999999999,0.022725500000000003,0.010642249999999999,0.0115215,0.0107565,0.012378,0.010827,0.011576,0.010686,0.010987,0.01042125,0.010822749999999999,0.0099761,0.01036625
