Pre: Q1,Pre: Q3,L1: Q1,L1: Q3,E1: Q1,E1: Q3,E2: Q1,E2: Q3,E3: Q1,E3: Q3,R1: Q1,R1: Q3,R2: Q1,R2: Q3
0.0330545,0.0686885,0.20482250000000002,0.46047499999999997,0.06777175,0.2758975,0.033459,0.034689,0.03319,0.034083,0.03309725,0.034334250000000004,0.0329835,0.03424
0.031951499999999994,0.0366425,0.06379775,0.24747000000000002,0.08792849999999999,0.2935125,0.066365,0.12726,0.024831,0.026059,0.024001250000000002,0.025016999999999998,0.023911250000000002,0.02485
0.034749,0.0965445,0.036022750000000006,0.4540775,0.2590675,0.39734499999999995,0.039312,0.04389,0.038796,0.040372,0.0386305,0.040922,0.038978,0.04082675
0.014972,0.0291155,0.013509249999999999,0.0328355,0.006751225,0.008172675,0.0066781,0.0067997,0.0066756,0.0067997,0.0066835,0.006766825000000001,0.006649499999999999,0.006780100000000001
0.019489,0.037441,0.01101725,0.0124485,0.010524500000000001,0.012238249999999999,0.0096601,0.010221,0.0098552,0.010157,0.0099632,0.0102045,0.0096595,0.0100205
0.030248999999999998,0.0369115,0.11387325000000001,0.361025,0.02258525,0.07113725,0.014487,0.01662,0.013692,0.014078,0.01371875,0.017628,0.01298725,0.013562999999999999
0.035124,0.040431,0.03428775,0.06792999999999999,0.02624825,0.05709725,0.02297,0.026972,0.022698,0.023091,0.02261875,0.023157249999999997,0.022731,0.0231085
0.02558,0.026762,0.027844,0.15748499999999999,0.03325275,0.1645775,0.025296,0.027677,0.024829,0.025962,0.0245825,0.02575075,0.02460075,0.025705
0.0215535,0.030697000000000002,0.0225775,0.05738675,0.0138795,0.026092499999999998,0.012377,0.012681,0.012013,0.012345,0.012101999999999998,0.012724,0.01144175,0.01161425
