Pre: Q1,Pre: Q3,L1: Q1,L1: Q3,E1: Q1,E1: Q3,E2: Q1,E2: Q3,E3: Q1,E3: Q3,R1: Q1,R1: Q3,R2: Q1,R2: Q3
0.0287535,0.029325499999999997,0.0289175,0.030361,0.0387165,0.06420175,0.031176,0.032865,0.029469,0.030091,0.029179249999999997,0.029962999999999997,0.028813,0.029422749999999998
0.0263585,0.0299605,0.028254,0.2985225,0.08251325000000001,0.3878825,0.028689,0.031642,0.027996,0.0296,0.0588625,0.1967325,0.026829,0.0302125
0.0296,0.030448000000000003,0.029247250000000002,0.09706825000000001,0.05802825,0.08991100000000002,0.028757,0.033268,0.028401,0.028844,0.029458750000000002,0.0312505,0.030003,0.031215
0.024593999999999998,0.026352,0.025964249999999998,0.04379475000000001,0.030516500000000002,0.0556165,0.024331,0.026003,0.024153,0.025722,0.02531625,0.028686749999999997,0.0249785,0.02688275
0.028176,0.056675,0.05460475,0.09947875,0.05873400000000001,0.09500825000000002,0.026277,0.035427,0.025025,0.026652,0.02554,0.0303715,0.02610875,0.028665499999999997
0.0259755,0.027423999999999997,0.027475000000000003,0.2643725,0.17803000000000002,0.36524999999999996,0.028919,0.068536,0.025842,0.026567,0.02535225,0.02695675,0.024401,0.025222
0.033824,0.037323999999999996,0.051729750000000005,0.30435500000000004,0.05054825,0.1693575,0.028823,0.033256,0.027915,0.029367,0.029685500000000004,0.1717025,0.0302965,0.0329965
0.016249,0.022886999999999998,0.01890025,0.0423525,0.020243,0.026337,0.017844,0.019201,0.017547,0.018066,0.0172685,0.017638,0.01670325,0.01744175
