Pre: Q1,Pre: Q3,L1: Q1,L1: Q3,E1: Q1,E1: Q3,E2: Q1,E2: Q3,E3: Q1,E3: Q3,R1: Q1,R1: Q3,R2: Q1,R2: Q3
0.0239745,0.027072,0.025596499999999998,0.027967,0.03177575,0.045600749999999995,0.024817,0.026837,0.02487,0.026742,0.024246500000000004,0.026416000000000002,0.024325,0.02667175
0.031136499999999998,0.032689499999999996,0.03238225,0.0344885,0.032107250000000004,0.13251000000000002,0.03218,0.050835,0.029616,0.030976,0.031731,0.035705,0.0339865,0.0365765
0.028171,0.0333735,0.0258005,0.027242250000000003,0.20803750000000001,0.46376999999999996,0.029223,0.031138,0.027493,0.028817,0.025841999999999997,0.026878250000000003,0.025751000000000003,0.026931749999999997
0.0262205,0.0279765,0.026632,0.02785075,0.0271415,0.0899775,0.028956,0.032538,0.027854,0.02915,0.027182249999999998,0.02844675,0.028205,0.0320725
0.0246145,0.034617999999999996,0.047375,0.366495,0.3725125,0.6170225,0.036699,0.10258,0.030411,0.0316,0.028878,0.030201,0.02724325,0.0288225
0.0354105,0.039047,0.028856250000000003,0.03009475,0.032121000000000004,0.13578749999999998,0.030447,0.031788,0.030763,0.032478,0.030813250000000004,0.031677500000000004,0.030829250000000002,0.032165250000000006
0.021589999999999998,0.024119,0.02126925,0.02181275,0.021791500000000002,0.0229295,0.020963,0.021367,0.020861,0.021294,0.020873499999999996,0.021294999999999998,0.020844249999999998,0.021383
0.0201085,0.022053999999999997,0.09071974999999999,0.3018275,0.11723,0.25467249999999997,0.025947,0.10439,0.020191,0.020878,0.01953075,0.0201745,0.02160725,0.07624375
0.0192355,0.0194305,0.020663499999999998,0.0406695,0.029866999999999998,0.051725999999999994,0.020645,0.04056,0.019268,0.019413,0.019186,0.01933675,0.0198805,0.032695999999999996
