Pre: Q1,Pre: Q3,L1: Q1,L1: Q3,E1: Q1,E1: Q3,E2: Q1,E2: Q3,E3: Q1,E3: Q3,R1: Q1,R1: Q3,R2: Q1,R2: Q3
0.0206715,0.020880000000000003,0.02094775,0.021593499999999998,0.02089225,0.0225425,0.020754,0.021195,0.020648,0.020813,0.020659000000000004,0.0208625,0.020630250000000003,0.02078075
0.022537500000000002,0.031449,0.024272000000000002,0.34827250000000004,0.15838,0.417155,0.023418,0.2274,0.020335,0.020833,0.02009675,0.020576999999999998,0.01971975,0.020093
0.02427,0.0293985,0.091304,0.31972,0.10300999999999999,0.2729775,0.020825,0.022867,0.020392,0.020781,0.0202355,0.026878250000000003,0.022406999999999996,0.0236095
0.0348225,0.0530275,0.03870275,0.22852,0.07779675,0.152805,0.033859,0.037977,0.032606,0.033669,0.03218775,0.0337745,0.03166575,0.032975000000000004
0.0286905,0.0308625,0.0525085,0.24766749999999998,0.0322465,0.156057,0.024726,0.026191,0.023829,0.024608,0.0233925,0.02415925,0.023470500000000002,0.0241375
0.0284885,0.0358045,0.13658250000000002,0.37107749999999995,0.03764025,0.12314249999999999,0.030718,0.032603,0.030512,0.032255,0.031828,0.04863675,0.028116,0.030591
0.027495,0.0302165,0.027455,0.18009750000000002,0.03702425,0.1374775,0.032932,0.034673,0.032839,0.034508,0.0331545,0.034679,0.033297,0.0348445
0.024031999999999998,0.038671,0.024467500000000003,0.32963749999999997,0.1578425,0.323735,0.036509,0.26466,0.024358,0.027113,0.023615499999999998,0.024275,0.02381475,0.02445925
0.023659,0.026339,0.018686750000000002,0.03195625,0.012499,0.0226175,0.0092208,0.0093289,0.0093196,0.0094064,0.009284225,0.009740475,0.009385625000000002,0.009489875
