Pre: Q1,Pre: Q3,L1: Q1,L1: Q3,E1: Q1,E1: Q3,E2: Q1,E2: Q3,E3: Q1,E3: Q3,R1: Q1,R1: Q3,R2: Q1,R2: Q3
0.0290345,0.0309255,0.1379625,0.3008125,0.04613875,0.08336500000000001,0.032752,0.03572,0.031281,0.034214,0.031676,0.03425925,0.0314115,0.03385925
0.0346065,0.0363985,0.045148999999999995,0.247855,0.03834225,0.04710475,0.03684,0.042588,0.036186,0.037867,0.035376250000000005,0.03717575,0.03481375,0.0396005
0.030031500000000003,0.033144,0.07821700000000001,0.32084250000000003,0.0573625,0.19280750000000002,0.028852,0.041749,0.030949,0.034128,0.0300905,0.033412000000000004,0.029672,0.033029499999999996
0.0318115,0.0361515,0.06376174999999999,0.212815,0.033834,0.21931499999999998,0.025429,0.026813,0.025213,0.026487,0.0269625,0.03113075,0.027667749999999998,0.02866525
0.030569,0.0329555,0.03202625,0.0336985,0.042265250000000004,0.10326375,0.03386,0.047703,0.031896,0.033624,0.031323500000000004,0.0330425,0.031004499999999997,0.03262375
0.0259625,0.026789,0.02767875,0.17981999999999998,0.03459025,0.06417049999999999,0.032636,0.033606,0.032619,0.033564,0.032268500000000006,0.0340255,0.03214275,0.03350725
0.0261425,0.026797500000000002,0.02755525,0.184745,0.030044750000000002,0.06568025,0.023129,0.024065,0.023001,0.024279,0.022597,0.0235565,0.021316750000000002,0.022376
0.0301575,0.033451999999999996,0.069208,0.2881625,0.03020475,0.046553750000000005,0.02611,0.027319,0.02597,0.026998,0.037757,0.05331325,0.023382,0.02634175
0.0221585,0.023391500000000003,0.06815625,0.14299,0.028659999999999998,0.0753335,0.02363,0.033351,0.02204,0.022908,0.02196925,0.022765249999999997,0.02219575,0.022998249999999998
